<?xml version="1.0" encoding="big5" standalone="no"?>
<GH106030602>
  <GH106030602_row>
    <gh_fiscalyear>106</gh_fiscalyear>
    <gh_accounttype>1</gh_accounttype>
    <gh_importrecno>1</gh_importrecno>
    <gh_accountno>110901</gh_accountno>
    <gh_dcid>2</gh_dcid>
    <gh_seqno>19</gh_seqno>
    <gh_budgetyear>106</gh_budgetyear>
    <gh_budgetsource>10</gh_budgetsource>
    <gh_budgetno>52570050400</gh_budgetno>
    <gh_ordinaryid>1</gh_ordinaryid>
    <gh_subprojectno>03</gh_subprojectno>
    <gh_objectno>0200</gh_objectno>
    <gh_expanlno></gh_expanlno>
    <gh_customeruniversalno></gh_customeruniversalno>
    <gh_customername></gh_customername>
    <gh_deducyear>106</gh_deducyear>
    <gh_deducvoucherno>500532</gh_deducvoucherno>
    <gh_deducseqno></gh_deducseqno>
    <gh_deducamount>66000</gh_deducamount>
  </GH106030602_row>
  <GH106030602_row>
    <gh_fiscalyear>106</gh_fiscalyear>
    <gh_accounttype>1</gh_accounttype>
    <gh_importrecno>1</gh_importrecno>
    <gh_accountno>110901</gh_accountno>
    <gh_dcid>2</gh_dcid>
    <gh_seqno>21</gh_seqno>
    <gh_budgetyear>106</gh_budgetyear>
    <gh_budgetsource>10</gh_budgetsource>
    <gh_budgetno>52570050400</gh_budgetno>
    <gh_ordinaryid>1</gh_ordinaryid>
    <gh_subprojectno>07</gh_subprojectno>
    <gh_objectno>0200</gh_objectno>
    <gh_expanlno></gh_expanlno>
    <gh_customeruniversalno></gh_customeruniversalno>
    <gh_customername></gh_customername>
    <gh_deducyear>106</gh_deducyear>
    <gh_deducvoucherno>500532</gh_deducvoucherno>
    <gh_deducseqno></gh_deducseqno>
    <gh_deducamount>27677</gh_deducamount>
  </GH106030602_row>
  <GH106030602_row>
    <gh_fiscalyear>106</gh_fiscalyear>
    <gh_accounttype>1</gh_accounttype>
    <gh_importrecno>1</gh_importrecno>
    <gh_accountno>110901</gh_accountno>
    <gh_dcid>2</gh_dcid>
    <gh_seqno>16</gh_seqno>
    <gh_budgetyear>106</gh_budgetyear>
    <gh_budgetsource>10</gh_budgetsource>
    <gh_budgetno>52570050400</gh_budgetno>
    <gh_ordinaryid>1</gh_ordinaryid>
    <gh_subprojectno>01</gh_subprojectno>
    <gh_objectno>0200</gh_objectno>
    <gh_expanlno></gh_expanlno>
    <gh_customeruniversalno></gh_customeruniversalno>
    <gh_customername></gh_customername>
    <gh_deducyear>106</gh_deducyear>
    <gh_deducvoucherno>500532</gh_deducvoucherno>
    <gh_deducseqno></gh_deducseqno>
    <gh_deducamount>99000</gh_deducamount>
  </GH106030602_row>
  <GH106030602_row>
    <gh_fiscalyear>106</gh_fiscalyear>
    <gh_accounttype>1</gh_accounttype>
    <gh_importrecno>1</gh_importrecno>
    <gh_accountno>110901</gh_accountno>
    <gh_dcid>2</gh_dcid>
    <gh_seqno>25</gh_seqno>
    <gh_budgetyear>106</gh_budgetyear>
    <gh_budgetsource>10</gh_budgetsource>
    <gh_budgetno>71570050200</gh_budgetno>
    <gh_ordinaryid>1</gh_ordinaryid>
    <gh_subprojectno>04</gh_subprojectno>
    <gh_objectno>0200</gh_objectno>
    <gh_expanlno></gh_expanlno>
    <gh_customeruniversalno></gh_customeruniversalno>
    <gh_customername></gh_customername>
    <gh_deducyear>106</gh_deducyear>
    <gh_deducvoucherno>500532</gh_deducvoucherno>
    <gh_deducseqno></gh_deducseqno>
    <gh_deducamount>38000</gh_deducamount>
  </GH106030602_row>
  <GH106030602_row>
    <gh_fiscalyear>106</gh_fiscalyear>
    <gh_accounttype>1</gh_accounttype>
    <gh_importrecno>1</gh_importrecno>
    <gh_accountno>110901</gh_accountno>
    <gh_dcid>2</gh_dcid>
    <gh_seqno>23</gh_seqno>
    <gh_budgetyear>106</gh_budgetyear>
    <gh_budgetsource>10</gh_budgetsource>
    <gh_budgetno>71570050200</gh_budgetno>
    <gh_ordinaryid>1</gh_ordinaryid>
    <gh_subprojectno>02</gh_subprojectno>
    <gh_objectno>0200</gh_objectno>
    <gh_expanlno></gh_expanlno>
    <gh_customeruniversalno></gh_customeruniversalno>
    <gh_customername></gh_customername>
    <gh_deducyear>106</gh_deducyear>
    <gh_deducvoucherno>500532</gh_deducvoucherno>
    <gh_deducseqno></gh_deducseqno>
    <gh_deducamount>66000</gh_deducamount>
  </GH106030602_row>
  <GH106030602_row>
    <gh_fiscalyear>106</gh_fiscalyear>
    <gh_accounttype>1</gh_accounttype>
    <gh_importrecno>1</gh_importrecno>
    <gh_accountno>110901</gh_accountno>
    <gh_dcid>2</gh_dcid>
    <gh_seqno>27</gh_seqno>
    <gh_budgetyear>106</gh_budgetyear>
    <gh_budgetsource>10</gh_budgetsource>
    <gh_budgetno>71570050200</gh_budgetno>
    <gh_ordinaryid>1</gh_ordinaryid>
    <gh_subprojectno>05</gh_subprojectno>
    <gh_objectno>0200</gh_objectno>
    <gh_expanlno></gh_expanlno>
    <gh_customeruniversalno></gh_customeruniversalno>
    <gh_customername></gh_customername>
    <gh_deducyear>106</gh_deducyear>
    <gh_deducvoucherno>500532</gh_deducvoucherno>
    <gh_deducseqno></gh_deducseqno>
    <gh_deducamount>66000</gh_deducamount>
  </GH106030602_row>
</GH106030602>