<?xml version="1.0" encoding="big5" standalone="no"?>
<GH105123013>
  <GH105123013_row>
    <gh_fiscalyear>105</gh_fiscalyear>
    <gh_accounttype>1</gh_accounttype>
    <gh_importrecno>3</gh_importrecno>
    <gh_accountno>110901</gh_accountno>
    <gh_dcid>2</gh_dcid>
    <gh_seqno>8</gh_seqno>
    <gh_budgetyear>105</gh_budgetyear>
    <gh_budgetsource>10</gh_budgetsource>
    <gh_budgetno>71570050200</gh_budgetno>
    <gh_ordinaryid>1</gh_ordinaryid>
    <gh_subprojectno>05</gh_subprojectno>
    <gh_objectno>0200</gh_objectno>
    <gh_expanlno></gh_expanlno>
    <gh_customeruniversalno></gh_customeruniversalno>
    <gh_customername></gh_customername>
    <gh_deducyear>105</gh_deducyear>
    <gh_deducvoucherno>500181</gh_deducvoucherno>
    <gh_deducseqno></gh_deducseqno>
    <gh_deducamount></gh_deducamount>
  </GH105123013_row>
  <GH105123013_row>
    <gh_fiscalyear>105</gh_fiscalyear>
    <gh_accounttype>1</gh_accounttype>
    <gh_importrecno>4</gh_importrecno>
    <gh_accountno>110901</gh_accountno>
    <gh_dcid>2</gh_dcid>
    <gh_seqno>10</gh_seqno>
    <gh_budgetyear>105</gh_budgetyear>
    <gh_budgetsource>10</gh_budgetsource>
    <gh_budgetno>71570050200</gh_budgetno>
    <gh_ordinaryid>1</gh_ordinaryid>
    <gh_subprojectno>05</gh_subprojectno>
    <gh_objectno>0200</gh_objectno>
    <gh_expanlno></gh_expanlno>
    <gh_customeruniversalno></gh_customeruniversalno>
    <gh_customername></gh_customername>
    <gh_deducyear>105</gh_deducyear>
    <gh_deducvoucherno>500181</gh_deducvoucherno>
    <gh_deducseqno></gh_deducseqno>
    <gh_deducamount>24500</gh_deducamount>
  </GH105123013_row>
</GH105123013>