<?xml version="1.0" encoding="big5" standalone="no"?>
<GH106040706>
  <GH106040706_row>
    <gh_fiscalyear>106</gh_fiscalyear>
    <gh_accounttype>1</gh_accounttype>
    <gh_importrecno>1</gh_importrecno>
    <gh_accountno>110901</gh_accountno>
    <gh_dcid>2</gh_dcid>
    <gh_seqno>5</gh_seqno>
    <gh_budgetyear>106</gh_budgetyear>
    <gh_budgetsource>10</gh_budgetsource>
    <gh_budgetno>71570050200</gh_budgetno>
    <gh_ordinaryid>1</gh_ordinaryid>
    <gh_subprojectno>02</gh_subprojectno>
    <gh_objectno>0200</gh_objectno>
    <gh_expanlno></gh_expanlno>
    <gh_customeruniversalno></gh_customeruniversalno>
    <gh_customername></gh_customername>
    <gh_deducyear>106</gh_deducyear>
    <gh_deducvoucherno>500901</gh_deducvoucherno>
    <gh_deducseqno></gh_deducseqno>
    <gh_deducamount>1925</gh_deducamount>
  </GH106040706_row>
  <GH106040706_row>
    <gh_fiscalyear>106</gh_fiscalyear>
    <gh_accounttype>1</gh_accounttype>
    <gh_importrecno>2</gh_importrecno>
    <gh_accountno>110901</gh_accountno>
    <gh_dcid>2</gh_dcid>
    <gh_seqno>7</gh_seqno>
    <gh_budgetyear>106</gh_budgetyear>
    <gh_budgetsource>10</gh_budgetsource>
    <gh_budgetno>71570050100</gh_budgetno>
    <gh_ordinaryid>1</gh_ordinaryid>
    <gh_subprojectno>01</gh_subprojectno>
    <gh_objectno>0100</gh_objectno>
    <gh_expanlno></gh_expanlno>
    <gh_customeruniversalno></gh_customeruniversalno>
    <gh_customername></gh_customername>
    <gh_deducyear>106</gh_deducyear>
    <gh_deducvoucherno>501000</gh_deducvoucherno>
    <gh_deducseqno></gh_deducseqno>
    <gh_deducamount>2560666</gh_deducamount>
  </GH106040706_row>
</GH106040706>