<?xml version="1.0" encoding="big5" standalone="no"?>
<GH106030603>
  <GH106030603_row>
    <gh_fiscalyear>106</gh_fiscalyear>
    <gh_accounttype>1</gh_accounttype>
    <gh_importrecno>6</gh_importrecno>
    <gh_accountno>110901</gh_accountno>
    <gh_dcid>2</gh_dcid>
    <gh_seqno>19</gh_seqno>
    <gh_budgetyear>106</gh_budgetyear>
    <gh_budgetsource>10</gh_budgetsource>
    <gh_budgetno>71570050100</gh_budgetno>
    <gh_ordinaryid>1</gh_ordinaryid>
    <gh_subprojectno>01</gh_subprojectno>
    <gh_objectno>0100</gh_objectno>
    <gh_expanlno></gh_expanlno>
    <gh_customeruniversalno></gh_customeruniversalno>
    <gh_customername></gh_customername>
    <gh_deducyear>106</gh_deducyear>
    <gh_deducvoucherno>500631</gh_deducvoucherno>
    <gh_deducseqno></gh_deducseqno>
    <gh_deducamount>2539798</gh_deducamount>
  </GH106030603_row>
  <GH106030603_row>
    <gh_fiscalyear>106</gh_fiscalyear>
    <gh_accounttype>1</gh_accounttype>
    <gh_importrecno>7</gh_importrecno>
    <gh_accountno>110901</gh_accountno>
    <gh_dcid>2</gh_dcid>
    <gh_seqno>21</gh_seqno>
    <gh_budgetyear>106</gh_budgetyear>
    <gh_budgetsource>10</gh_budgetsource>
    <gh_budgetno>71570050100</gh_budgetno>
    <gh_ordinaryid>1</gh_ordinaryid>
    <gh_subprojectno>01</gh_subprojectno>
    <gh_objectno>0100</gh_objectno>
    <gh_expanlno></gh_expanlno>
    <gh_customeruniversalno></gh_customeruniversalno>
    <gh_customername></gh_customername>
    <gh_deducyear>106</gh_deducyear>
    <gh_deducvoucherno>500632</gh_deducvoucherno>
    <gh_deducseqno></gh_deducseqno>
    <gh_deducamount>3899824</gh_deducamount>
  </GH106030603_row>
  <GH106030603_row>
    <gh_fiscalyear>106</gh_fiscalyear>
    <gh_accounttype>1</gh_accounttype>
    <gh_importrecno>8</gh_importrecno>
    <gh_accountno>110901</gh_accountno>
    <gh_dcid>2</gh_dcid>
    <gh_seqno>23</gh_seqno>
    <gh_budgetyear>106</gh_budgetyear>
    <gh_budgetsource>10</gh_budgetsource>
    <gh_budgetno>71570050100</gh_budgetno>
    <gh_ordinaryid>1</gh_ordinaryid>
    <gh_subprojectno>01</gh_subprojectno>
    <gh_objectno>0100</gh_objectno>
    <gh_expanlno></gh_expanlno>
    <gh_customeruniversalno></gh_customeruniversalno>
    <gh_customername></gh_customername>
    <gh_deducyear>106</gh_deducyear>
    <gh_deducvoucherno>500633</gh_deducvoucherno>
    <gh_deducseqno></gh_deducseqno>
    <gh_deducamount>140329</gh_deducamount>
  </GH106030603_row>
</GH106030603>