<?xml version="1.0" encoding="big5" standalone="no"?>
<GH106010414>
  <GH106010414_row>
    <gh_fiscalyear>105</gh_fiscalyear>
    <gh_accounttype>1</gh_accounttype>
    <gh_importrecno>2</gh_importrecno>
    <gh_accountno>110901</gh_accountno>
    <gh_dcid>2</gh_dcid>
    <gh_seqno>10</gh_seqno>
    <gh_budgetyear>105</gh_budgetyear>
    <gh_budgetsource>10</gh_budgetsource>
    <gh_budgetno>71570050100</gh_budgetno>
    <gh_ordinaryid>1</gh_ordinaryid>
    <gh_subprojectno>01</gh_subprojectno>
    <gh_objectno>0100</gh_objectno>
    <gh_expanlno></gh_expanlno>
    <gh_customeruniversalno></gh_customeruniversalno>
    <gh_customername></gh_customername>
    <gh_deducyear>105</gh_deducyear>
    <gh_deducvoucherno>505665</gh_deducvoucherno>
    <gh_deducseqno></gh_deducseqno>
    <gh_deducamount>46704</gh_deducamount>
  </GH106010414_row>
</GH106010414>