<?xml version="1.0" encoding="big5" standalone="no"?>
<GH106020801>
  <GH106020801_row>
    <gh_fiscalyear>106</gh_fiscalyear>
    <gh_accounttype>1</gh_accounttype>
    <gh_importrecno>1</gh_importrecno>
    <gh_accountno>110901</gh_accountno>
    <gh_dcid>2</gh_dcid>
    <gh_seqno>6</gh_seqno>
    <gh_budgetyear>106</gh_budgetyear>
    <gh_budgetsource>10</gh_budgetsource>
    <gh_budgetno>71570050100</gh_budgetno>
    <gh_ordinaryid>1</gh_ordinaryid>
    <gh_subprojectno>02</gh_subprojectno>
    <gh_objectno>0400</gh_objectno>
    <gh_expanlno></gh_expanlno>
    <gh_customeruniversalno></gh_customeruniversalno>
    <gh_customername>�ӤH</gh_customername>
    <gh_deducyear>106</gh_deducyear>
    <gh_deducvoucherno>500206</gh_deducvoucherno>
    <gh_deducseqno></gh_deducseqno>
    <gh_deducamount>204000</gh_deducamount>
  </GH106020801_row>
  <GH106020801_row>
    <gh_fiscalyear>106</gh_fiscalyear>
    <gh_accounttype>1</gh_accounttype>
    <gh_importrecno>2</gh_importrecno>
    <gh_accountno>110901</gh_accountno>
    <gh_dcid>2</gh_dcid>
    <gh_seqno>8</gh_seqno>
    <gh_budgetyear>106</gh_budgetyear>
    <gh_budgetsource>10</gh_budgetsource>
    <gh_budgetno>71570050100</gh_budgetno>
    <gh_ordinaryid>1</gh_ordinaryid>
    <gh_subprojectno>02</gh_subprojectno>
    <gh_objectno>0400</gh_objectno>
    <gh_expanlno></gh_expanlno>
    <gh_customeruniversalno></gh_customeruniversalno>
    <gh_customername>�ӤH</gh_customername>
    <gh_deducyear>106</gh_deducyear>
    <gh_deducvoucherno>500207</gh_deducvoucherno>
    <gh_deducseqno></gh_deducseqno>
    <gh_deducamount>4000</gh_deducamount>
  </GH106020801_row>
</GH106020801>