<?xml version="1.0" encoding="big5" standalone="no"?>
<GJ106011125>
  <GJ106011125_row>
    <gj_fiscalyear>105</gj_fiscalyear>
    <gj_accounttype>1</gj_accounttype>
    <gj_importrecno>5</gj_importrecno>
    <gj_takemethod>4</gj_takemethod>
    <gj_takecheckno></gj_takecheckno>
    <gj_voucherusetype></gj_voucherusetype>
    <gj_payremark></gj_payremark>
    <gj_windowname></gj_windowname>
    <gj_windowte></gj_windowte>
  </GJ106011125_row>
  <GJ106011125_row>
    <gj_fiscalyear>105</gj_fiscalyear>
    <gj_accounttype>1</gj_accounttype>
    <gj_importrecno>7</gj_importrecno>
    <gj_takemethod>4</gj_takemethod>
    <gj_takecheckno></gj_takecheckno>
    <gj_voucherusetype></gj_voucherusetype>
    <gj_payremark></gj_payremark>
    <gj_windowname></gj_windowname>
    <gj_windowte></gj_windowte>
  </GJ106011125_row>
  <GJ106011125_row>
    <gj_fiscalyear>105</gj_fiscalyear>
    <gj_accounttype>1</gj_accounttype>
    <gj_importrecno>8</gj_importrecno>
    <gj_takemethod>4</gj_takemethod>
    <gj_takecheckno></gj_takecheckno>
    <gj_voucherusetype></gj_voucherusetype>
    <gj_payremark></gj_payremark>
    <gj_windowname></gj_windowname>
    <gj_windowte></gj_windowte>
  </GJ106011125_row>
  <GJ106011125_row>
    <gj_fiscalyear>105</gj_fiscalyear>
    <gj_accounttype>1</gj_accounttype>
    <gj_importrecno>3</gj_importrecno>
    <gj_takemethod>4</gj_takemethod>
    <gj_takecheckno></gj_takecheckno>
    <gj_voucherusetype></gj_voucherusetype>
    <gj_payremark></gj_payremark>
    <gj_windowname></gj_windowname>
    <gj_windowte></gj_windowte>
  </GJ106011125_row>
  <GJ106011125_row>
    <gj_fiscalyear>105</gj_fiscalyear>
    <gj_accounttype>1</gj_accounttype>
    <gj_importrecno>1</gj_importrecno>
    <gj_takemethod>4</gj_takemethod>
    <gj_takecheckno></gj_takecheckno>
    <gj_voucherusetype></gj_voucherusetype>
    <gj_payremark></gj_payremark>
    <gj_windowname></gj_windowname>
    <gj_windowte></gj_windowte>
  </GJ106011125_row>
  <GJ106011125_row>
    <gj_fiscalyear>105</gj_fiscalyear>
    <gj_accounttype>1</gj_accounttype>
    <gj_importrecno>10</gj_importrecno>
    <gj_takemethod>4</gj_takemethod>
    <gj_takecheckno></gj_takecheckno>
    <gj_voucherusetype></gj_voucherusetype>
    <gj_payremark></gj_payremark>
    <gj_windowname></gj_windowname>
    <gj_windowte></gj_windowte>
  </GJ106011125_row>
  <GJ106011125_row>
    <gj_fiscalyear>105</gj_fiscalyear>
    <gj_accounttype>1</gj_accounttype>
    <gj_importrecno>4</gj_importrecno>
    <gj_takemethod>4</gj_takemethod>
    <gj_takecheckno></gj_takecheckno>
    <gj_voucherusetype></gj_voucherusetype>
    <gj_payremark></gj_payremark>
    <gj_windowname></gj_windowname>
    <gj_windowte></gj_windowte>
  </GJ106011125_row>
  <GJ106011125_row>
    <gj_fiscalyear>105</gj_fiscalyear>
    <gj_accounttype>1</gj_accounttype>
    <gj_importrecno>6</gj_importrecno>
    <gj_takemethod>4</gj_takemethod>
    <gj_takecheckno></gj_takecheckno>
    <gj_voucherusetype></gj_voucherusetype>
    <gj_payremark></gj_payremark>
    <gj_windowname></gj_windowname>
    <gj_windowte></gj_windowte>
  </GJ106011125_row>
  <GJ106011125_row>
    <gj_fiscalyear>105</gj_fiscalyear>
    <gj_accounttype>1</gj_accounttype>
    <gj_importrecno>9</gj_importrecno>
    <gj_takemethod>4</gj_takemethod>
    <gj_takecheckno></gj_takecheckno>
    <gj_voucherusetype></gj_voucherusetype>
    <gj_payremark></gj_payremark>
    <gj_windowname></gj_windowname>
    <gj_windowte></gj_windowte>
  </GJ106011125_row>
  <GJ106011125_row>
    <gj_fiscalyear>105</gj_fiscalyear>
    <gj_accounttype>1</gj_accounttype>
    <gj_importrecno>2</gj_importrecno>
    <gj_takemethod>4</gj_takemethod>
    <gj_takecheckno></gj_takecheckno>
    <gj_voucherusetype></gj_voucherusetype>
    <gj_payremark></gj_payremark>
    <gj_windowname></gj_windowname>
    <gj_windowte></gj_windowte>
  </GJ106011125_row>
</GJ106011125>