<?xml version="1.0" encoding="big5" standalone="no"?>
<GH106041108>
  <GH106041108_row>
    <gh_fiscalyear>106</gh_fiscalyear>
    <gh_accounttype>1</gh_accounttype>
    <gh_importrecno>5</gh_importrecno>
    <gh_accountno>110901</gh_accountno>
    <gh_dcid>2</gh_dcid>
    <gh_seqno>15</gh_seqno>
    <gh_budgetyear>106</gh_budgetyear>
    <gh_budgetsource>10</gh_budgetsource>
    <gh_budgetno>71570050200</gh_budgetno>
    <gh_ordinaryid>1</gh_ordinaryid>
    <gh_subprojectno>03</gh_subprojectno>
    <gh_objectno>0200</gh_objectno>
    <gh_expanlno></gh_expanlno>
    <gh_customeruniversalno></gh_customeruniversalno>
    <gh_customername>Hornet</gh_customername>
    <gh_deducyear>106</gh_deducyear>
    <gh_deducvoucherno>500855</gh_deducvoucherno>
    <gh_deducseqno></gh_deducseqno>
    <gh_deducamount>87420</gh_deducamount>
  </GH106041108_row>
  <GH106041108_row>
    <gh_fiscalyear>106</gh_fiscalyear>
    <gh_accounttype>1</gh_accounttype>
    <gh_importrecno>7</gh_importrecno>
    <gh_accountno>110901</gh_accountno>
    <gh_dcid>2</gh_dcid>
    <gh_seqno>18</gh_seqno>
    <gh_budgetyear>106</gh_budgetyear>
    <gh_budgetsource>10</gh_budgetsource>
    <gh_budgetno>71570050200</gh_budgetno>
    <gh_ordinaryid>1</gh_ordinaryid>
    <gh_subprojectno>03</gh_subprojectno>
    <gh_objectno>0200</gh_objectno>
    <gh_expanlno></gh_expanlno>
    <gh_customeruniversalno></gh_customeruniversalno>
    <gh_customername>Hornet</gh_customername>
    <gh_deducyear>106</gh_deducyear>
    <gh_deducvoucherno>500855</gh_deducvoucherno>
    <gh_deducseqno></gh_deducseqno>
    <gh_deducamount>1670</gh_deducamount>
  </GH106041108_row>
</GH106041108>