<?xml version="1.0" encoding="big5" standalone="no"?>
<GH106040712>
  <GH106040712_row>
    <gh_fiscalyear>106</gh_fiscalyear>
    <gh_accounttype>1</gh_accounttype>
    <gh_importrecno>4</gh_importrecno>
    <gh_accountno>110901</gh_accountno>
    <gh_dcid>2</gh_dcid>
    <gh_seqno>124</gh_seqno>
    <gh_budgetyear>106</gh_budgetyear>
    <gh_budgetsource>10</gh_budgetsource>
    <gh_budgetno>71570050100</gh_budgetno>
    <gh_ordinaryid>1</gh_ordinaryid>
    <gh_subprojectno>01</gh_subprojectno>
    <gh_objectno>0100</gh_objectno>
    <gh_expanlno></gh_expanlno>
    <gh_customeruniversalno></gh_customeruniversalno>
    <gh_customername></gh_customername>
    <gh_deducyear>106</gh_deducyear>
    <gh_deducvoucherno>501019</gh_deducvoucherno>
    <gh_deducseqno></gh_deducseqno>
    <gh_deducamount>271523</gh_deducamount>
  </GH106040712_row>
  <GH106040712_row>
    <gh_fiscalyear>106</gh_fiscalyear>
    <gh_accounttype>1</gh_accounttype>
    <gh_importrecno>5</gh_importrecno>
    <gh_accountno>110901</gh_accountno>
    <gh_dcid>2</gh_dcid>
    <gh_seqno>126</gh_seqno>
    <gh_budgetyear>106</gh_budgetyear>
    <gh_budgetsource>10</gh_budgetsource>
    <gh_budgetno>71570050100</gh_budgetno>
    <gh_ordinaryid>1</gh_ordinaryid>
    <gh_subprojectno>01</gh_subprojectno>
    <gh_objectno>0100</gh_objectno>
    <gh_expanlno></gh_expanlno>
    <gh_customeruniversalno></gh_customeruniversalno>
    <gh_customername></gh_customername>
    <gh_deducyear>106</gh_deducyear>
    <gh_deducvoucherno>501017</gh_deducvoucherno>
    <gh_deducseqno></gh_deducseqno>
    <gh_deducamount>6312</gh_deducamount>
  </GH106040712_row>
  <GH106040712_row>
    <gh_fiscalyear>106</gh_fiscalyear>
    <gh_accounttype>1</gh_accounttype>
    <gh_importrecno>6</gh_importrecno>
    <gh_accountno>110901</gh_accountno>
    <gh_dcid>2</gh_dcid>
    <gh_seqno>128</gh_seqno>
    <gh_budgetyear>106</gh_budgetyear>
    <gh_budgetsource>10</gh_budgetsource>
    <gh_budgetno>71570050100</gh_budgetno>
    <gh_ordinaryid>1</gh_ordinaryid>
    <gh_subprojectno>01</gh_subprojectno>
    <gh_objectno>0100</gh_objectno>
    <gh_expanlno></gh_expanlno>
    <gh_customeruniversalno></gh_customeruniversalno>
    <gh_customername></gh_customername>
    <gh_deducyear>106</gh_deducyear>
    <gh_deducvoucherno>501018</gh_deducvoucherno>
    <gh_deducseqno></gh_deducseqno>
    <gh_deducamount>169568</gh_deducamount>
  </GH106040712_row>
  <GH106040712_row>
    <gh_fiscalyear>106</gh_fiscalyear>
    <gh_accounttype>1</gh_accounttype>
    <gh_importrecno>7</gh_importrecno>
    <gh_accountno>110901</gh_accountno>
    <gh_dcid>2</gh_dcid>
    <gh_seqno>130</gh_seqno>
    <gh_budgetyear>106</gh_budgetyear>
    <gh_budgetsource>10</gh_budgetsource>
    <gh_budgetno>71570050100</gh_budgetno>
    <gh_ordinaryid>1</gh_ordinaryid>
    <gh_subprojectno>01</gh_subprojectno>
    <gh_objectno>0100</gh_objectno>
    <gh_expanlno></gh_expanlno>
    <gh_customeruniversalno></gh_customeruniversalno>
    <gh_customername></gh_customername>
    <gh_deducyear>106</gh_deducyear>
    <gh_deducvoucherno>501019</gh_deducvoucherno>
    <gh_deducseqno></gh_deducseqno>
    <gh_deducamount>136546</gh_deducamount>
  </GH106040712_row>
  <GH106040712_row>
    <gh_fiscalyear>106</gh_fiscalyear>
    <gh_accounttype>1</gh_accounttype>
    <gh_importrecno>8</gh_importrecno>
    <gh_accountno>110901</gh_accountno>
    <gh_dcid>2</gh_dcid>
    <gh_seqno>131</gh_seqno>
    <gh_budgetyear>106</gh_budgetyear>
    <gh_budgetsource>10</gh_budgetsource>
    <gh_budgetno>71570050100</gh_budgetno>
    <gh_ordinaryid>1</gh_ordinaryid>
    <gh_subprojectno>01</gh_subprojectno>
    <gh_objectno>0100</gh_objectno>
    <gh_expanlno></gh_expanlno>
    <gh_customeruniversalno></gh_customeruniversalno>
    <gh_customername></gh_customername>
    <gh_deducyear>106</gh_deducyear>
    <gh_deducvoucherno>501017</gh_deducvoucherno>
    <gh_deducseqno></gh_deducseqno>
    <gh_deducamount>110334</gh_deducamount>
  </GH106040712_row>
  <GH106040712_row>
    <gh_fiscalyear>106</gh_fiscalyear>
    <gh_accounttype>1</gh_accounttype>
    <gh_importrecno>9</gh_importrecno>
    <gh_accountno>110901</gh_accountno>
    <gh_dcid>2</gh_dcid>
    <gh_seqno>132</gh_seqno>
    <gh_budgetyear>106</gh_budgetyear>
    <gh_budgetsource>10</gh_budgetsource>
    <gh_budgetno>71570050100</gh_budgetno>
    <gh_ordinaryid>1</gh_ordinaryid>
    <gh_subprojectno>01</gh_subprojectno>
    <gh_objectno>0100</gh_objectno>
    <gh_expanlno></gh_expanlno>
    <gh_customeruniversalno></gh_customeruniversalno>
    <gh_customername></gh_customername>
    <gh_deducyear>106</gh_deducyear>
    <gh_deducvoucherno>501018</gh_deducvoucherno>
    <gh_deducseqno></gh_deducseqno>
    <gh_deducamount>83319</gh_deducamount>
  </GH106040712_row>
</GH106040712>