<?xml version="1.0" encoding="big5" standalone="no"?>
<GJ106032804>
  <GJ106032804_row>
    <gj_fiscalyear>106</gj_fiscalyear>
    <gj_accounttype>1</gj_accounttype>
    <gj_importrecno>2</gj_importrecno>
    <gj_takemethod>4</gj_takemethod>
    <gj_takecheckno></gj_takecheckno>
    <gj_voucherusetype></gj_voucherusetype>
    <gj_payremark></gj_payremark>
    <gj_windowname></gj_windowname>
    <gj_windowte></gj_windowte>
  </GJ106032804_row>
  <GJ106032804_row>
    <gj_fiscalyear>106</gj_fiscalyear>
    <gj_accounttype>1</gj_accounttype>
    <gj_importrecno>4</gj_importrecno>
    <gj_takemethod>4</gj_takemethod>
    <gj_takecheckno></gj_takecheckno>
    <gj_voucherusetype></gj_voucherusetype>
    <gj_payremark></gj_payremark>
    <gj_windowname></gj_windowname>
    <gj_windowte></gj_windowte>
  </GJ106032804_row>
  <GJ106032804_row>
    <gj_fiscalyear>106</gj_fiscalyear>
    <gj_accounttype>1</gj_accounttype>
    <gj_importrecno>1</gj_importrecno>
    <gj_takemethod>4</gj_takemethod>
    <gj_takecheckno></gj_takecheckno>
    <gj_voucherusetype></gj_voucherusetype>
    <gj_payremark></gj_payremark>
    <gj_windowname></gj_windowname>
    <gj_windowte></gj_windowte>
  </GJ106032804_row>
  <GJ106032804_row>
    <gj_fiscalyear>106</gj_fiscalyear>
    <gj_accounttype>1</gj_accounttype>
    <gj_importrecno>3</gj_importrecno>
    <gj_takemethod>4</gj_takemethod>
    <gj_takecheckno></gj_takecheckno>
    <gj_voucherusetype></gj_voucherusetype>
    <gj_payremark></gj_payremark>
    <gj_windowname></gj_windowname>
    <gj_windowte></gj_windowte>
  </GJ106032804_row>
  <GJ106032804_row>
    <gj_fiscalyear>106</gj_fiscalyear>
    <gj_accounttype>1</gj_accounttype>
    <gj_importrecno>5</gj_importrecno>
    <gj_takemethod>4</gj_takemethod>
    <gj_takecheckno></gj_takecheckno>
    <gj_voucherusetype></gj_voucherusetype>
    <gj_payremark></gj_payremark>
    <gj_windowname></gj_windowname>
    <gj_windowte></gj_windowte>
  </GJ106032804_row>
</GJ106032804>